DATE,RU1000TR
2007-01-03,3430.01
2007-01-04,3435.87
2007-01-05,3414.67
2007-01-08,3423.50
2007-01-09,3423.52
2007-01-10,3433.06
2007-01-11,3457.04
2007-01-12,3474.49
2007-01-15,.
2007-01-16,3477.37
2007-01-17,3474.39
2007-01-18,3462.29
2007-01-19,3473.09
2007-01-22,3455.01
2007-01-23,3467.37
2007-01-24,3497.81
2007-01-25,3459.21
2007-01-26,3456.21
2007-01-29,3454.52
2007-01-30,3473.66
2007-01-31,3497.78
2007-02-01,3518.00
2007-02-02,3524.38
2007-02-05,3521.97
2007-02-06,3526.01
2007-02-07,3534.12
2007-02-08,3530.15
2007-02-09,3504.44
2007-02-12,3491.54
2007-02-13,3519.23
2007-02-14,3546.97
2007-02-15,3552.05
2007-02-16,3550.15
2007-02-19,.
2007-02-20,3562.62
2007-02-21,3558.68
2007-02-22,3555.64
2007-02-23,3544.22
2007-02-26,3538.72
2007-02-27,3418.17
2007-02-28,3437.60
2007-03-01,3428.66
2007-03-02,3388.08
2007-03-05,3352.53
2007-03-06,3405.08
2007-03-07,3397.82
2007-03-08,3422.40
2007-03-09,3425.66
2007-03-12,3435.53
2007-03-13,3366.99
2007-03-14,3387.77
2007-03-15,3402.26
2007-03-16,3388.66
2007-03-19,3425.55
2007-03-20,3448.16
2007-03-21,3505.86
2007-03-22,3505.04
2007-03-23,3508.81
2007-03-26,3511.14
2007-03-27,3489.96
2007-03-28,3464.29
2007-03-29,3475.84
2007-03-30,3473.29
2007-04-02,3482.53
2007-04-03,3515.40
2007-04-04,3519.68
2007-04-05,3531.60
2007-04-06,.
2007-04-09,3534.53
2007-04-10,3543.09
2007-04-11,3520.46
2007-04-12,3541.27
2007-04-13,3553.79
2007-04-16,3590.84
2007-04-17,3598.04
2007-04-18,3600.72
2007-04-19,3595.04
2007-04-20,3627.12
2007-04-23,3620.23
2007-04-24,3618.10
2007-04-25,3652.91
2007-04-26,3651.56
2007-04-27,3649.58
2007-04-30,3619.31
2007-05-01,3628.68
2007-05-02,3654.94
2007-05-03,3670.97
2007-05-04,3679.41
2007-05-07,3687.93
2007-05-08,3684.55
2007-05-09,3698.71
2007-05-10,3647.77
2007-05-11,3682.74
2007-05-14,3675.27
2007-05-15,3668.26
2007-05-16,3699.48
2007-05-17,3696.47
2007-05-18,3720.07
2007-05-21,3728.82
2007-05-22,3729.05
2007-05-23,3723.36
2007-05-24,3685.34
2007-05-25,3705.51
2007-05-28,.
2007-05-29,3714.76
2007-05-30,3746.63
2007-05-31,3749.68
2007-06-01,3764.35
2007-06-04,3771.63
2007-06-05,3751.26
2007-06-06,3716.70
2007-06-07,3650.35
2007-06-08,3691.33
2007-06-11,3694.38
2007-06-12,3655.68
2007-06-13,3708.89
2007-06-14,3727.39
2007-06-15,3751.79
2007-06-18,3746.24
2007-06-19,3752.43
2007-06-20,3702.83
2007-06-21,3725.68
2007-06-22,3676.29
2007-06-25,3662.02
2007-06-26,3648.87
2007-06-27,3683.34
2007-06-28,3682.96
2007-06-29,3678.06
2007-07-02,3718.54
2007-07-03,3732.42
2007-07-04,.
2007-07-05,3735.52
2007-07-06,3750.86
2007-07-09,3754.43
2007-07-10,3701.74
2007-07-11,3723.01
2007-07-12,3791.11
2007-07-13,3803.86
2007-07-16,3795.16
2007-07-17,3794.52
2007-07-18,3787.23
2007-07-19,3804.70
2007-07-20,3759.77
2007-07-23,3775.35
2007-07-24,3699.80
2007-07-25,3713.46
2007-07-26,3627.11
2007-07-27,3571.55
2007-07-30,3608.24
2007-07-31,3564.45
2007-08-01,3586.38
2007-08-02,3605.07
2007-08-03,3510.14
2007-08-06,3586.91
2007-08-07,3610.26
2007-08-08,3661.43
2007-08-09,3556.51
2007-08-10,3556.84
2007-08-13,3557.74
2007-08-14,3493.01
2007-08-15,3441.26
2007-08-16,3447.26
2007-08-17,3531.38
2007-08-20,3533.43
2007-08-21,3539.57
2007-08-22,3583.34
2007-08-23,3579.22
2007-08-24,3621.50
2007-08-27,3590.71
2007-08-28,3506.90
2007-08-29,3584.24
2007-08-30,3570.89
2007-08-31,3612.96
2007-09-03,.
2007-09-04,3652.37
2007-09-05,3613.68
2007-09-06,3629.09
2007-09-07,3568.65
2007-09-10,3561.62
2007-09-11,3609.59
2007-09-12,3610.80
2007-09-13,3639.44
2007-09-14,3642.09
2007-09-17,3622.32
2007-09-18,3726.95
2007-09-19,3749.26
2007-09-20,3725.81
2007-09-21,3742.55
2007-09-24,3723.52
2007-09-25,3722.52
2007-09-26,3744.13
2007-09-27,3761.52
2007-09-28,3750.93
2007-10-01,3800.51
2007-10-02,3801.34
2007-10-03,3784.90
2007-10-04,3792.48
2007-10-05,3831.63
2007-10-08,3819.55
2007-10-09,3850.86
2007-10-10,3846.36
2007-10-11,3825.74
2007-10-12,3844.52
2007-10-15,3812.58
2007-10-16,3786.78
2007-10-17,3793.71
2007-10-18,3791.79
2007-10-19,3695.96
2007-10-22,3710.76
2007-10-23,3743.54
2007-10-24,3734.62
2007-10-25,3729.35
2007-10-26,3779.01
2007-10-29,3794.75
2007-10-30,3770.17
2007-10-31,3816.32
2007-11-01,3719.55
2007-11-02,3721.73
2007-11-05,3700.74
2007-11-06,3745.24
2007-11-07,3640.51
2007-11-08,3639.77
2007-11-09,3587.50
2007-11-12,3546.63
2007-11-13,3648.09
2007-11-14,3624.35
2007-11-15,3578.73
2007-11-16,3596.23
2007-11-19,3532.84
2007-11-20,3546.20
2007-11-21,3492.29
2007-11-22,.
2007-11-23,3549.43
2007-11-26,3471.65
2007-11-27,3520.96
2007-11-28,3622.63
2007-11-29,3625.31
2007-11-30,3653.63
2007-12-03,3633.42
2007-12-04,3610.46
2007-12-05,3664.68
2007-12-06,3721.17
2007-12-07,3718.02
2007-12-10,3746.55
2007-12-11,3650.86
2007-12-12,3670.63
2007-12-13,3674.93
2007-12-14,3624.99
2007-12-17,3569.60
2007-12-18,3590.45
2007-12-19,3587.42
2007-12-20,3608.05
2007-12-21,3667.84
2007-12-24,3697.57
2007-12-25,.
2007-12-26,3700.00
2007-12-27,3648.63
2007-12-28,3653.27
2007-12-31,3629.84
2008-01-01,.
2008-01-02,3579.67
2008-01-03,3577.11
2008-01-04,3487.20
2008-01-07,3494.44
2008-01-08,3430.63
2008-01-09,3473.20
2008-01-10,3501.80
2008-01-11,3454.64
2008-01-14,3491.25
2008-01-15,3404.70
2008-01-16,3385.70
2008-01-17,3286.94
2008-01-18,3268.48
2008-01-21,.
2008-01-22,3234.17
2008-01-23,3303.58
2008-01-24,3339.67
2008-01-25,3289.56
2008-01-28,3349.34
2008-01-29,3371.18
2008-01-30,3353.44
2008-01-31,3412.23
2008-02-01,3458.46
2008-02-04,3423.46
2008-02-05,3316.08
2008-02-06,3289.91
2008-02-07,3316.26
2008-02-08,3305.06
2008-02-11,3325.48
2008-02-12,3347.27
2008-02-13,3393.64
2008-02-14,3348.64
2008-02-15,3350.79
2008-02-18,.
2008-02-19,3348.82
2008-02-20,3377.40
2008-02-21,3335.29
2008-02-22,3361.32
2008-02-25,3410.06
2008-02-26,3434.04
2008-02-27,3429.51
2008-02-28,3399.12
2008-02-29,3307.98
2008-03-03,3309.80
2008-03-04,3297.23
2008-03-05,3317.04
2008-03-06,3242.62
2008-03-07,3214.17
2008-03-10,3161.02
2008-03-11,3276.58
2008-03-12,3249.69
2008-03-13,3268.75
2008-03-14,3201.69
2008-03-17,3166.72
2008-03-18,3299.30
2008-03-19,3219.13
2008-03-20,3293.60
2008-03-21,.
2008-03-24,3347.07
2008-03-25,3358.70
2008-03-26,3330.32
2008-03-27,3292.64
2008-03-28,3266.49
2008-03-31,3285.57
2008-04-01,3401.52
2008-04-02,3397.79
2008-04-03,3404.04
2008-04-04,3408.37
2008-04-07,3414.20
2008-04-08,3399.73
2008-04-09,3370.12
2008-04-10,3387.31
2008-04-11,3319.20
2008-04-14,3308.65
2008-04-15,3323.56
2008-04-16,3400.68
2008-04-17,3401.24
2008-04-18,3461.27
2008-04-21,3456.52
2008-04-22,3425.53
2008-04-23,3434.91
2008-04-24,3456.93
2008-04-25,3481.28
2008-04-28,3478.71
2008-04-29,3464.01
2008-04-30,3452.16
2008-05-01,3509.92
2008-05-02,3521.21
2008-05-05,3507.83
2008-05-06,3535.17
2008-05-07,3475.38
2008-05-08,3489.66
2008-05-09,3469.73
2008-05-12,3507.48
2008-05-13,3509.76
2008-05-14,3524.06
2008-05-15,3562.86
2008-05-16,3569.28
2008-05-19,3570.65
2008-05-20,3540.07
2008-05-21,3483.10
2008-05-22,3492.95
2008-05-23,3448.43
2008-05-26,.
2008-05-27,3471.26
2008-05-28,3487.95
2008-05-29,3506.69
2008-05-30,3515.47
2008-06-02,3480.80
2008-06-03,3462.58
2008-06-04,3462.97
2008-06-05,3531.92
2008-06-06,3426.56
2008-06-09,3428.23
2008-06-10,3417.52
2008-06-11,3360.84
2008-06-12,3370.58
2008-06-13,3421.63
2008-06-16,3425.36
2008-06-17,3404.93
2008-06-18,3372.23
2008-06-19,3384.97
2008-06-20,3322.99
2008-06-23,3321.93
2008-06-24,3308.39
2008-06-25,3328.66
2008-06-26,3232.94
2008-06-27,3221.12
2008-06-30,3223.45
2008-07-01,3234.23
2008-07-02,3170.39
2008-07-03,3167.89
2008-07-04,.
2008-07-07,3140.26
2008-07-08,3195.08
2008-07-09,3126.24
2008-07-10,3148.16
2008-07-11,3116.21
2008-07-14,3089.20
2008-07-15,3055.59
2008-07-16,3131.38
2008-07-17,3166.76
2008-07-18,3166.86
2008-07-21,3170.23
2008-07-22,3210.22
2008-07-23,3220.72
2008-07-24,3143.21
2008-07-25,3158.51
2008-07-28,3102.81
2008-07-29,3174.39
2008-07-30,3227.21
2008-07-31,3185.97
2008-08-01,3168.72
2008-08-04,3133.85
2008-08-05,3219.69
2008-08-06,3234.95
2008-08-07,3179.12
2008-08-08,3251.47
2008-08-11,3274.82
2008-08-12,3237.06
2008-08-13,3232.29
2008-08-14,3251.24
2008-08-15,3262.76
2008-08-18,3214.75
2008-08-19,3185.56
2008-08-20,3205.56
2008-08-21,3213.54
2008-08-22,3248.90
2008-08-25,3185.77
2008-08-26,3197.75
2008-08-27,3225.08
2008-08-28,3272.41
2008-08-29,3229.83
2008-09-01,.
2008-09-02,3212.38
2008-09-03,3203.06
2008-09-04,3109.22
2008-09-05,3123.41
2008-09-08,3181.26
2008-09-09,3069.28
2008-09-10,3091.29
2008-09-11,3132.00
2008-09-12,3143.92
2008-09-15,2995.90
2008-09-16,3047.69
2008-09-17,2905.32
2008-09-18,3031.77
2008-09-19,3157.61
2008-09-22,3034.01
2008-09-23,2987.82
2008-09-24,2979.76
2008-09-25,3034.41
2008-09-26,3039.94
2008-09-29,2775.81
2008-09-30,2922.13
2008-10-01,2906.51
2008-10-02,2781.49
2008-10-03,2740.73
2008-10-06,2631.29
2008-10-07,2480.84
2008-10-08,2454.63
2008-10-09,2269.91
2008-10-10,2242.92
2008-10-13,2504.72
2008-10-14,2485.56
2008-10-15,2259.24
2008-10-16,2353.24
2008-10-17,2342.92
2008-10-20,2453.72
2008-10-21,2379.02
2008-10-22,2233.84
2008-10-23,2252.31
2008-10-24,2176.01
2008-10-27,2104.63
2008-10-28,2324.69
2008-10-29,2309.41
2008-10-30,2373.66
2008-10-31,2411.91
2008-11-03,2405.86
2008-11-04,2501.55
2008-11-05,2370.88
2008-11-06,2251.90
2008-11-07,2316.96
2008-11-10,2285.04
2008-11-11,2233.44
2008-11-12,2117.21
2008-11-13,2265.39
2008-11-14,2169.59
2008-11-17,2115.48
2008-11-18,2134.43
2008-11-19,2001.39
2008-11-20,1864.45
2008-11-21,1980.37
2008-11-24,2111.20
2008-11-25,2127.63
2008-11-26,2207.48
2008-11-27,.
2008-11-28,2229.52
2008-12-01,2027.37
2008-12-02,2108.89
2008-12-03,2164.65
2008-12-04,2099.78
2008-12-05,2177.84
2008-12-08,2262.95
2008-12-09,2211.35
2008-12-10,2241.46
2008-12-11,2175.32
2008-12-12,2195.02
2008-12-15,2165.51
2008-12-16,2277.87
2008-12-17,2261.17
2008-12-18,2213.36
2008-12-19,2221.08
2008-12-22,2179.28
2008-12-23,2159.85
2008-12-24,2172.39
2008-12-25,.
2008-12-26,2185.90
2008-12-29,2176.10
2008-12-30,2230.82
2008-12-31,2265.14
2009-01-01,.
2009-01-02,2336.95
2009-01-05,2328.71
2009-01-06,2350.22
2009-01-07,2280.70
2009-01-08,2290.78
2009-01-09,2242.17
2009-01-12,2188.92
2009-01-13,2194.83
2009-01-14,2120.02
2009-01-15,2126.08
2009-01-16,2143.93
2009-01-19,.
2009-01-20,2028.67
2009-01-21,2116.99
2009-01-22,2082.76
2009-01-23,2095.33
2009-01-26,2106.40
2009-01-27,2129.36
2009-01-28,2201.85
2009-01-29,2128.83
2009-01-30,2080.26
2009-02-02,2079.75
2009-02-03,2111.28
2009-02-04,2098.88
2009-02-05,2133.71
2009-02-06,2193.88
2009-02-09,2196.73
2009-02-10,2090.98
2009-02-11,2107.03
2009-02-12,2112.53
2009-02-13,2092.38
2009-02-16,.
2009-02-17,1997.54
2009-02-18,1994.27
2009-02-19,1970.85
2009-02-20,1949.89
2009-02-23,1881.23
2009-02-24,1957.49
2009-02-25,1937.01
2009-02-26,1906.66
2009-02-27,1865.19
2009-03-02,1775.60
2009-03-03,1764.85
2009-03-04,1808.57
2009-03-05,1731.64
2009-03-06,1733.84
2009-03-09,1716.92
2009-03-10,1826.62
2009-03-11,1832.23
2009-03-12,1907.34
2009-03-13,1921.57
2009-03-16,1912.60
2009-03-17,1974.15
2009-03-18,2016.35
2009-03-19,1992.40
2009-03-20,1951.85
2009-03-23,2089.50
2009-03-24,2046.94
2009-03-25,2067.03
2009-03-26,2118.35
2009-03-27,2074.11
2009-03-30,2001.70
2009-03-31,2028.32
2009-04-01,2061.88
2009-04-02,2123.78
2009-04-03,2146.65
2009-04-06,2128.30
2009-04-07,2076.93
2009-04-08,2102.46
2009-04-09,2184.75
2009-04-10,.
2009-04-13,2189.96
2009-04-14,2145.60
2009-04-15,2172.18
2009-04-16,2208.44
2009-04-17,2220.54
2009-04-20,2122.95
2009-04-21,2170.07
2009-04-22,2155.78
2009-04-23,2174.60
2009-04-24,2213.41
2009-04-27,2190.12
2009-04-28,2184.82
2009-04-29,2234.29
2009-04-30,2233.63
2009-05-01,2245.17
2009-05-04,2323.44
2009-05-05,2314.75
2009-05-06,2352.99
2009-05-07,2318.91
2009-05-08,2376.57
2009-05-11,2326.93
2009-05-12,2322.56
2009-05-13,2257.55
2009-05-14,2282.33
2009-05-15,2257.30
2009-05-18,2328.24
2009-05-19,2326.12
2009-05-20,2315.26
2009-05-21,2276.54
2009-05-22,2273.31
2009-05-25,.
2009-05-26,2334.31
2009-05-27,2291.28
2009-05-28,2325.39
2009-05-29,2357.25
2009-06-01,2420.94
2009-06-02,2425.84
2009-06-03,2390.89
2009-06-04,2419.36
2009-06-05,2413.86
2009-06-08,2410.07
2009-06-09,2421.05
2009-06-10,2413.43
2009-06-11,2428.62
2009-06-12,2430.30
2009-06-15,2372.08
2009-06-16,2340.80
2009-06-17,2337.02
2009-06-18,2355.80
2009-06-19,2363.62
2009-06-22,2290.47
2009-06-23,2294.87
2009-06-24,2311.77
2009-06-25,2361.63
2009-06-26,2360.56
2009-06-29,2381.59
2009-06-30,2363.01
2009-07-01,2374.26
2009-07-02,2305.28
2009-07-03,.
2009-07-06,2308.35
2009-07-07,2262.24
2009-07-08,2258.90
2009-07-09,2268.03
2009-07-10,2259.26
2009-07-13,2314.57
2009-07-14,2327.96
2009-07-15,2397.07
2009-07-16,2419.42
2009-07-17,2418.25
2009-07-20,2447.65
2009-07-21,2456.44
2009-07-22,2456.26
2009-07-23,2514.15
2009-07-24,2523.22
2009-07-27,2530.72
2009-07-28,2523.86
2009-07-29,2511.19
2009-07-30,2541.70
2009-07-31,2543.34
2009-08-03,2584.70
2009-08-04,2593.40
2009-08-05,2587.28
2009-08-06,2572.22
2009-08-07,2608.65
2009-08-10,2599.66
2009-08-11,2567.36
2009-08-12,2597.64
2009-08-13,2616.45
2009-08-14,2592.98
2009-08-17,2528.96
2009-08-18,2555.98
2009-08-19,2573.68
2009-08-20,2601.58
2009-08-21,2649.89
2009-08-24,2647.41
2009-08-25,2653.88
2009-08-26,2654.32
2009-08-27,2662.18
2009-08-28,2658.71
2009-08-31,2635.73
2009-09-01,2577.83
2009-09-02,2569.82
2009-09-03,2593.46
2009-09-04,2627.86
2009-09-07,.
2009-09-08,2653.46
2009-09-09,2675.63
2009-09-10,2704.09
2009-09-11,2701.93
2009-09-14,2720.17
2009-09-15,2731.29
2009-09-16,2773.87
2009-09-17,2764.62
2009-09-18,2771.06
2009-09-21,2762.35
2009-09-22,2781.17
2009-09-23,2751.63
2009-09-24,2723.24
2009-09-25,2706.94
2009-09-28,2756.29
2009-09-29,2751.87
2009-09-30,2742.68
2009-10-01,2670.41
2009-10-02,2657.03
2009-10-05,2698.48
2009-10-06,2735.42
2009-10-07,2743.91
2009-10-08,2766.62
2009-10-09,2782.41
2009-10-12,2794.42
2009-10-13,2786.37
2009-10-14,2835.50
2009-10-15,2846.79
2009-10-16,2823.18
2009-10-19,2850.27
2009-10-20,2831.65
2009-10-21,2806.41
2009-10-22,2836.25
2009-10-23,2801.08
2009-10-26,2767.68
2009-10-27,2756.06
2009-10-28,2698.19
2009-10-29,2759.54
2009-10-30,2682.05
2009-11-02,2698.75
2009-11-03,2708.60
2009-11-04,2711.23
2009-11-05,2764.95
2009-11-06,2771.28
2009-11-09,2834.06
2009-11-10,2834.69
2009-11-11,2849.45
2009-11-12,2818.84
2009-11-13,2835.95
2009-11-16,2878.32
2009-11-17,2881.10
2009-11-18,2878.93
2009-11-19,2838.77
2009-11-20,2829.33
2009-11-23,2866.38
2009-11-24,2864.58
2009-11-25,2879.02
2009-11-26,.
2009-11-27,2829.49
2009-11-30,2840.04
2009-12-01,2875.97
2009-12-02,2879.18
2009-12-03,2854.97
2009-12-04,2872.22
2009-12-07,2865.86
2009-12-08,2837.48
2009-12-09,2847.71
2009-12-10,2864.82
2009-12-11,2876.54
2009-12-14,2899.12
2009-12-15,2884.72
2009-12-16,2889.67
2009-12-17,2856.20
2009-12-18,2873.23
2009-12-21,2903.53
2009-12-22,2915.61
2009-12-23,2924.30
2009-12-24,2939.85
2009-12-25,.
2009-12-28,2942.59
2009-12-29,2938.57
2009-12-30,2938.99
2009-12-31,2909.18
2010-01-01,.
2010-01-04,2956.28
2010-01-05,2966.18
2010-01-06,2970.39
2010-01-07,2982.43
2010-01-08,2991.80
2010-01-11,2996.32
2010-01-12,2966.65
2010-01-13,2992.76
2010-01-14,2999.46
2010-01-15,2966.76
2010-01-18,.
2010-01-19,3003.53
2010-01-20,2973.03
2010-01-21,2919.02
2010-01-22,2854.95
2010-01-25,2867.90
2010-01-26,2856.16
2010-01-27,2868.68
2010-01-28,2834.12
2010-01-29,2804.50
2010-02-01,2845.92
2010-02-02,2883.25
2010-02-03,2867.94
2010-02-04,2777.63
2010-02-05,2785.17
2010-02-08,2762.40
2010-02-09,2798.57
2010-02-10,2793.22
2010-02-11,2822.71
2010-02-12,2818.59
2010-02-15,.
2010-02-16,2870.22
2010-02-17,2883.38
2010-02-18,2902.24
2010-02-19,2908.88
2010-02-22,2905.53
2010-02-23,2869.01
2010-02-24,2896.89
2010-02-25,2892.78
2010-02-26,2896.94
2010-03-01,2928.30
2010-03-02,2937.16
2010-03-03,2938.03
2010-03-04,2948.22
2010-03-05,2989.87
2010-03-08,2990.61
2010-03-09,2995.94
2010-03-10,3011.22
2010-03-11,3023.79
2010-03-12,3024.19
2010-03-15,3024.27
2010-03-16,3049.00
2010-03-17,3067.29
2010-03-18,3064.69
2010-03-19,3047.55
2010-03-22,3065.07
2010-03-23,3088.09
2010-03-24,3071.18
2010-03-25,3063.52
2010-03-26,3065.57
2010-03-29,3084.51
2010-03-30,3085.10
2010-03-31,3074.94
2010-04-01,3098.63
2010-04-02,.
2010-04-05,3126.10
2010-04-06,3132.14
2010-04-07,3114.99
2010-04-08,3124.46
2010-04-09,3146.28
2010-04-12,3151.86
2010-04-13,3154.70
2010-04-14,3190.86
2010-04-15,3192.96
2010-04-16,3142.75
2010-04-19,3153.57
2010-04-20,3180.79
2010-04-21,3178.66
2010-04-22,3188.60
2010-04-23,3212.66
2010-04-26,3198.98
2010-04-27,3123.86
2010-04-28,3143.24
2010-04-29,3185.18
2010-04-30,3131.85
2010-05-03,3173.01
2010-05-04,3095.51
2010-05-05,3073.89
2010-05-06,2974.22
2010-05-07,2925.65
2010-05-10,3055.75
2010-05-11,3047.26
2010-05-12,3093.41
2010-05-13,3057.16
2010-05-14,2998.10
2010-05-17,3001.69
2010-05-18,2959.08
2010-05-19,2942.32
2010-05-20,2826.93
2010-05-21,2870.23
2010-05-24,2834.61
2010-05-25,2835.46
2010-05-26,2822.84
2010-05-27,2918.31
2010-05-28,2883.55
2010-05-31,.
2010-06-01,2830.93
2010-06-02,2905.50
2010-06-03,2919.11
2010-06-04,2817.10
2010-06-07,2776.69
2010-06-08,2804.77
2010-06-09,2790.71
2010-06-10,2873.89
2010-06-11,2889.47
2010-06-14,2885.88
2010-06-15,2953.94
2010-06-16,2951.01
2010-06-17,2953.32
2010-06-18,2956.13
2010-06-21,2943.78
2010-06-22,2894.73
2010-06-23,2886.76
2010-06-24,2837.58
2010-06-25,2846.01
2010-06-28,2839.82
2010-06-29,2749.73
2010-06-30,2723.02
2010-07-01,2713.53
2010-07-02,2700.28
2010-07-05,.
2010-07-06,2712.51
2010-07-07,2799.98
2010-07-08,2826.67
2010-07-09,2848.14
2010-07-12,2848.05
2010-07-13,2894.05
2010-07-14,2893.28
2010-07-15,2896.04
2010-07-16,2812.27
2010-07-19,2829.16
2010-07-20,2862.75
2010-07-21,2826.14
2010-07-22,2890.53
2010-07-23,2916.00
2010-07-26,2950.51
2010-07-27,2944.55
2010-07-28,2922.88
2010-07-29,2910.57
2010-07-30,2912.27
2010-08-02,2975.82
2010-08-03,2960.43
2010-08-04,2981.07
2010-08-05,2976.74
2010-08-06,2966.74
2010-08-09,2983.58
2010-08-10,2963.05
2010-08-11,2879.56
2010-08-12,2865.06
2010-08-13,2853.66
2010-08-16,2854.67
2010-08-17,2891.89
2010-08-18,2897.29
2010-08-19,2848.62
2010-08-20,2839.14
2010-08-23,2826.35
2010-08-24,2784.44
2010-08-25,2795.03
2010-08-26,2773.82
2010-08-27,2822.12
2010-08-30,2780.98
2010-08-31,2782.01
2010-09-01,2865.04
2010-09-02,2893.01
2010-09-03,2931.15
2010-09-06,.
2010-09-07,2896.95
2010-09-08,2915.94
2010-09-09,2928.96
2010-09-10,2942.82
2010-09-13,2978.20
2010-09-14,2976.62
2010-09-15,2987.18
2010-09-16,2986.52
2010-09-17,2989.64
2010-09-20,3035.07
2010-09-21,3026.69
2010-09-22,3011.71
2010-09-23,2987.76
2010-09-24,3051.67
2010-09-27,3035.59
2010-09-28,3051.82
2010-09-29,3045.70
2010-09-30,3037.62
2010-10-01,3050.82
2010-10-04,3026.22
2010-10-05,3088.60
2010-10-06,3085.79
2010-10-07,3081.34
2010-10-08,3101.41
2010-10-11,3102.68
2010-10-12,3114.76
2010-10-13,3137.50
2010-10-14,3125.82
2010-10-15,3132.47
2010-10-18,3153.21
2010-10-19,3102.48
2010-10-20,3136.62
2010-10-21,3141.59
2010-10-22,3150.43
2010-10-25,3158.41
2010-10-26,3158.76
2010-10-27,3151.92
2010-10-28,3155.09
2010-10-29,3155.84
2010-11-01,3158.97
2010-11-02,3184.14
2010-11-03,3195.65
2010-11-04,3257.13
2010-11-05,3270.29
2010-11-08,3264.70
2010-11-09,3239.26
2010-11-10,3255.46
2010-11-11,3243.38
2010-11-12,3203.66
2010-11-15,3200.83
2010-11-16,3149.39
2010-11-17,3152.49
2010-11-18,3200.55
2010-11-19,3210.16
2010-11-22,3207.94
2010-11-23,3162.93
2010-11-24,3212.18
2010-11-25,.
2010-11-26,3189.69
2010-11-29,3185.72
2010-11-30,3166.13
2010-12-01,3234.35
2010-12-02,3275.41
2010-12-03,3286.01
2010-12-06,3282.65
2010-12-07,3283.54
2010-12-08,3293.88
2010-12-09,3306.10
2010-12-10,3326.53
2010-12-13,3326.23
2010-12-14,3329.18
2010-12-15,3311.90
2010-12-16,3333.90
2010-12-17,3338.23
2010-12-20,3346.56
2010-12-21,3367.97
2010-12-22,3379.64
2010-12-23,3374.22
2010-12-24,.
2010-12-27,3375.84
2010-12-28,3377.44
2010-12-29,3383.23
2010-12-30,3379.12
2010-12-31,3377.48
2011-01-03,3415.65
2011-01-04,3408.79
2011-01-05,3426.40
2011-01-06,3420.81
2011-01-07,3415.19
2011-01-10,3412.49
2011-01-11,3425.87
2011-01-12,3456.13
2011-01-13,3450.81
2011-01-14,3475.74
2011-01-17,.
2011-01-18,3483.34
2011-01-19,3445.81
2011-01-20,3438.63
2011-01-21,3444.94
2011-01-24,3466.60
2011-01-25,3467.69
2011-01-26,3485.32
2011-01-27,3494.27
2011-01-28,3432.36
2011-01-31,3458.70
2011-02-01,3516.03
2011-02-02,3507.48
2011-02-03,3516.58
2011-02-04,3526.75
2011-02-07,3549.38
2011-02-08,3565.22
2011-02-09,3555.52
2011-02-10,3560.06
2011-02-11,3581.39
2011-02-14,3592.22
2011-02-15,3579.82
2011-02-16,3603.73
2011-02-17,3615.61
2011-02-18,3621.05
2011-02-21,.
2011-02-22,3544.75
2011-02-23,3520.28
2011-02-24,3518.37
2011-02-25,3560.38
2011-02-28,3579.00
2011-03-01,3522.15
2011-03-02,3529.38
2011-03-03,3591.11
2011-03-04,3565.21
2011-03-07,3534.08
2011-03-08,3565.77
2011-03-09,3560.62
2011-03-10,3493.59
2011-03-11,3519.08
2011-03-14,3498.42
2011-03-15,3460.65
2011-03-16,3396.66
2011-03-17,3439.49
2011-03-18,3454.49
2011-03-21,3507.65
2011-03-22,3494.85
2011-03-23,3504.30
2011-03-24,3537.71
2011-03-25,3550.62
2011-03-28,3539.99
2011-03-29,3566.45
2011-03-30,3592.68
2011-03-31,3588.26
2011-04-01,3607.11
2011-04-04,3608.99
2011-04-05,3609.71
2011-04-06,3617.18
2011-04-07,3610.47
2011-04-08,3595.54
2011-04-11,3584.16
2011-04-12,3555.43
2011-04-13,3558.45
2011-04-14,3558.82
2011-04-15,3574.65
2011-04-18,3534.00
2011-04-19,3554.42
2011-04-20,3604.04
2011-04-21,3624.24
2011-04-22,.
2011-04-25,3619.00
2011-04-26,3651.58
2011-04-27,3674.91
2011-04-28,3687.07
2011-04-29,3696.18
2011-05-02,3689.09
2011-05-03,3672.96
2011-05-04,3647.86
2011-05-05,3617.66
2011-05-06,3632.14
2011-05-09,3650.80
2011-05-10,3681.27
2011-05-11,3642.30
2011-05-12,3660.00
2011-05-13,3630.01
2011-05-16,3606.60
2011-05-17,3603.77
2011-05-18,3638.75
2011-05-19,3646.56
2011-05-20,3619.94
2011-05-23,3575.33
2011-05-24,3572.03
2011-05-25,3585.54
2011-05-26,3602.50
2011-05-27,3618.94
2011-05-30,.
2011-05-31,3656.53
2011-06-01,3573.91
2011-06-02,3570.33
2011-06-03,3534.74
2011-06-06,3495.12
2011-06-07,3493.61
2011-06-08,3477.69
2011-06-09,3502.22
2011-06-10,3452.36
2011-06-13,3453.48
2011-06-14,3498.88
2011-06-15,3438.90
2011-06-16,3443.28
2011-06-17,3452.78
2011-06-20,3471.92
2011-06-21,3521.16
2011-06-22,3499.60
2011-06-23,3491.10
2011-06-24,3450.76
2011-06-27,3480.69
2011-06-28,3527.67
2011-06-29,3557.72
2011-06-30,3592.61
2011-07-01,3645.53
2011-07-04,.
2011-07-05,3642.43
2011-07-06,3648.51
2011-07-07,3686.73
2011-07-08,3661.71
2011-07-11,3592.59
2011-07-12,3576.60
2011-07-13,3588.74
2011-07-14,3562.49
2011-07-15,3583.75
2011-07-18,3552.04
2011-07-19,3611.05
2011-07-20,3608.95
2011-07-21,3656.27
2011-07-22,3661.33
2011-07-25,3639.09
2011-07-26,3623.78
2011-07-27,3547.24
2011-07-28,3535.69
2011-07-29,3514.65
2011-08-01,3500.09
2011-08-02,3407.97
2011-08-03,3426.65
2011-08-04,3255.75
2011-08-05,3246.91
2011-08-08,3024.17
2011-08-09,3173.99
2011-08-10,3040.17
2011-08-11,3183.54
2011-08-12,3200.79
2011-08-15,3272.79
2011-08-16,3239.37
2011-08-17,3240.50
2011-08-18,3091.73
2011-08-19,3043.73
2011-08-22,3043.86
2011-08-23,3149.71
2011-08-24,3191.60
2011-08-25,3139.54
2011-08-26,3191.79
2011-08-29,3286.58
2011-08-30,3296.19
2011-08-31,3312.27
2011-09-01,3271.61
2011-09-02,3187.59
2011-09-05,.
2011-09-06,3164.38
2011-09-07,3258.98
2011-09-08,3223.72
2011-09-09,3137.44
2011-09-12,3158.50
2011-09-13,3191.09
2011-09-14,3235.57
2011-09-15,3290.03
2011-09-16,3306.67
2011-09-19,3273.90
2011-09-20,3264.35
2011-09-21,3167.68
2011-09-22,3063.67
2011-09-23,3084.16
2011-09-26,3153.99
2011-09-27,3189.78
2011-09-28,3120.72
2011-09-29,3144.45
2011-09-30,3065.12
2011-10-03,2971.72
2011-10-04,3043.02
2011-10-05,3100.56
2011-10-06,3160.75
2011-10-07,3132.31
2011-10-10,3239.65
2011-10-11,3241.48
2011-10-12,3274.70
2011-10-13,3267.09
2011-10-14,3324.38
2011-10-17,3258.10
2011-10-18,3325.62
2011-10-19,3282.82
2011-10-20,3297.46
2011-10-21,3360.47
2011-10-24,3409.84
2011-10-25,3340.31
2011-10-26,3376.21
2011-10-27,3493.26
2011-10-28,3494.52
2011-10-31,3408.69
2011-11-01,3312.38
2011-11-02,3366.74
2011-11-03,3431.82
2011-11-04,3413.59
2011-11-07,3432.38
2011-11-08,3473.35
2011-11-09,3344.71
2011-11-10,3372.05
2011-11-11,3438.45
2011-11-14,3406.73
2011-11-15,3424.55
2011-11-16,3369.41
2011-11-17,3312.10
2011-11-18,3310.36
2011-11-21,3250.16
2011-11-22,3236.71
2011-11-23,3164.21
2011-11-24,.
2011-11-25,3156.29
2011-11-28,3250.15
2011-11-29,3257.54
2011-11-30,3399.74
2011-12-01,3393.21
2011-12-02,3393.45
2011-12-05,3428.79
2011-12-06,3430.61
2011-12-07,3436.94
2011-12-08,3362.46
2011-12-09,3420.42
2011-12-12,3368.96
2011-12-13,3337.07
2011-12-14,3297.53
2011-12-15,3309.83
2011-12-16,3323.45
2011-12-19,3282.32
2011-12-20,3381.65
2011-12-21,3388.44
2011-12-22,3418.27
2011-12-23,3448.26
2011-12-26,.
2011-12-27,3449.22
2011-12-28,3404.90
2011-12-29,3442.04
2011-12-30,3428.16
2012-01-02,.
2012-01-03,3479.69
2012-01-04,3480.18
2012-01-05,3492.65
2012-01-06,3486.41
2012-01-09,3495.41
2012-01-10,3527.87
2012-01-11,3531.16
2012-01-12,3540.36
2012-01-13,3522.34
2012-01-16,.
2012-01-17,3534.46
2012-01-18,3575.93
2012-01-19,3594.88
2012-01-20,3596.42
2012-01-23,3597.91
2012-01-24,3596.40
2012-01-25,3630.15
2012-01-26,3609.59
2012-01-27,3606.97
2012-01-30,3597.14
2012-01-31,3595.23
2012-02-01,3631.39
2012-02-02,3636.37
2012-02-03,3690.97
2012-02-06,3689.67
2012-02-07,3696.69
2012-02-08,3705.55
2012-02-09,3712.15
2012-02-10,3685.35
2012-02-13,3711.99
2012-02-14,3708.84
2012-02-15,3691.82
2012-02-16,3734.92
2012-02-17,3741.74
2012-02-20,.
2012-02-21,3742.35
2012-02-22,3729.88
2012-02-23,3748.15
2012-02-24,3754.67
2012-02-27,3759.46
2012-02-28,3770.57
2012-02-29,3752.99
2012-03-01,3777.48
2012-03-02,3763.93
2012-03-05,3748.32
2012-03-06,3688.85
2012-03-07,3716.93
2012-03-08,3754.69
2012-03-09,3770.01
2012-03-12,3768.76
2012-03-13,3838.77
2012-03-14,3832.22
2012-03-15,3856.10
2012-03-16,3859.70
2012-03-19,3874.42
2012-03-20,3860.94
2012-03-21,3855.00
2012-03-22,3825.87
2012-03-23,3839.04
2012-03-26,3892.28
2012-03-27,3880.99
2012-03-28,3862.25
2012-03-29,3856.93
2012-03-30,3870.43
2012-04-02,3899.21
2012-04-03,3886.77
2012-04-04,3845.75
2012-04-05,3844.06
2012-04-06,.
2012-04-09,3800.09
2012-04-10,3732.25
2012-04-11,3762.32
2012-04-12,3816.19
2012-04-13,3769.44
2012-04-16,3767.03
2012-04-17,3825.00
2012-04-18,3810.16
2012-04-19,3789.75
2012-04-20,3793.89
2012-04-23,3761.06
2012-04-24,3773.43
2012-04-25,3827.04
2012-04-26,3853.60
2012-04-27,3864.20
2012-04-30,3847.97
2012-05-01,3869.13
2012-05-02,3861.39
2012-05-03,3828.78
2012-05-04,3767.42
2012-05-07,3769.23
2012-05-08,3753.69
2012-05-09,3730.62
2012-05-10,3740.76
2012-05-11,3730.23
2012-05-14,3688.31
2012-05-15,3667.81
2012-05-16,3651.84
2012-05-17,3592.04
2012-05-18,3563.39
2012-05-21,3624.01
2012-05-22,3626.61
2012-05-23,3634.09
2012-05-24,3639.65
2012-05-25,3632.49
2012-05-28,.
2012-05-29,3674.15
2012-05-30,3620.01
2012-05-31,3611.51
2012-06-01,3520.33
2012-06-04,3517.94
2012-06-05,3541.48
2012-06-06,3623.85
2012-06-07,3621.29
2012-06-08,3650.29
2012-06-11,3601.50
2012-06-12,3643.10
2012-06-13,3616.39
2012-06-14,3653.88
2012-06-15,3691.27
2012-06-18,3699.40
2012-06-19,3736.55
2012-06-20,3731.04
2012-06-21,3646.71
2012-06-22,3672.26
2012-06-25,3613.08
2012-06-26,3631.46
2012-06-27,3664.26
2012-06-28,3657.49
2012-06-29,3749.77
2012-07-02,3760.69
2012-07-03,3787.13
2012-07-04,.
2012-07-05,3771.37
2012-07-06,3735.89
2012-07-09,3728.53
2012-07-10,3696.96
2012-07-11,3695.57
2012-07-12,3678.24
2012-07-13,3738.04
2012-07-16,3728.38
2012-07-17,3755.44
2012-07-18,3780.35
2012-07-19,3790.98
2012-07-20,3752.46
2012-07-23,3717.50
2012-07-24,3682.62
2012-07-25,3683.00
2012-07-26,3742.07
2012-07-27,3814.14
2012-07-30,3811.11
2012-07-31,3794.25
2012-08-01,3781.35
2012-08-02,3754.58
2012-08-03,3826.31
2012-08-06,3836.46
2012-08-07,3857.86
2012-08-08,3861.31
2012-08-09,3865.46
2012-08-10,3873.72
2012-08-13,3869.15
2012-08-14,3868.88
2012-08-15,3876.72
2012-08-16,3905.07
2012-08-17,3912.97
2012-08-20,3911.93
2012-08-21,3900.17
2012-08-22,3901.04
2012-08-23,3870.81
2012-08-24,3894.90
2012-08-27,3892.45
2012-08-28,3891.41
2012-08-29,3895.75
2012-08-30,3866.47
2012-08-31,3886.38
2012-09-03,.
2012-09-04,3885.43
2012-09-05,3882.61
2012-09-06,3962.21
2012-09-07,3979.66
2012-09-10,3955.93
2012-09-11,3967.77
2012-09-12,3977.94
2012-09-13,4040.51
2012-09-14,4060.22
2012-09-17,4044.31
2012-09-18,4037.67
2012-09-19,4043.95
2012-09-20,4039.50
2012-09-21,4039.67
2012-09-24,4029.58
2012-09-25,3985.62
2012-09-26,3963.76
2012-09-27,4002.79
2012-09-28,3986.34
2012-10-01,3995.13
2012-10-02,4000.40
2012-10-03,4015.43
2012-10-04,4044.39
2012-10-05,4044.83
2012-10-08,4030.60
2012-10-09,3990.46
2012-10-10,3966.37
2012-10-11,3969.90
2012-10-12,3957.02
2012-10-15,3988.48
2012-10-16,4029.52
2012-10-17,4047.21
2012-10-18,4038.86
2012-10-19,3973.61
2012-10-22,3974.16
2012-10-23,3919.82
2012-10-24,3908.01
2012-10-25,3918.94
2012-10-26,3915.17
2012-10-29,3915.17
2012-10-30,3915.17
2012-10-31,3919.05
2012-11-01,3966.37
2012-11-02,3928.43
2012-11-05,3937.90
2012-11-06,3969.06
2012-11-07,3880.09
2012-11-08,3832.81
2012-11-09,3839.14
2012-11-12,3839.42
2012-11-13,3825.48
2012-11-14,3772.18
2012-11-15,3765.51
2012-11-16,3786.22
2012-11-19,3860.72
2012-11-20,3864.86
2012-11-21,3874.74
2012-11-22,.
2012-11-23,3924.89
2012-11-26,3917.51
2012-11-27,3898.89
2012-11-28,3929.86
2012-11-29,3948.44
2012-11-30,3950.18
2012-12-03,3931.84
2012-12-04,3925.33
2012-12-05,3932.74
2012-12-06,3947.02
2012-12-07,3958.53
2012-12-10,3961.66
2012-12-11,3986.60
2012-12-12,3988.68
2012-12-13,3964.76
2012-12-14,3949.19
2012-12-17,3994.64
2012-12-18,4041.15
2012-12-19,4014.10
2012-12-20,4036.37
2012-12-21,3999.10
2012-12-24,3990.30
2012-12-25,.
2012-12-26,3969.86
2012-12-27,3966.42
2012-12-28,3924.95
2012-12-31,3991.15
2013-01-01,.
2013-01-02,4092.62
2013-01-03,4086.49
2013-01-04,4107.96
2013-01-07,4095.53
2013-01-08,4084.36
2013-01-09,4097.18
2013-01-10,4125.89
2013-01-11,4126.79
2013-01-14,4124.17
2013-01-15,4130.83
2013-01-16,4130.23
2013-01-17,4154.41
2013-01-18,4168.02
2013-01-21,.
2013-01-22,4187.72
2013-01-23,4193.19
2013-01-24,4195.68
2013-01-25,4220.55
2013-01-28,4212.41
2013-01-29,4230.88
2013-01-30,4215.41
2013-01-31,4207.60
2013-02-01,4249.18
2013-02-04,4201.15
2013-02-05,4244.52
2013-02-06,4249.28
2013-02-07,4242.92
2013-02-08,4267.63
2013-02-11,4264.49
2013-02-12,4272.11
2013-02-13,4276.89
2013-02-14,4280.37
2013-02-15,4276.64
2013-02-18,.
2013-02-19,4307.56
2013-02-20,4252.50
2013-02-21,4224.20
2013-02-22,4262.55
2013-02-25,4185.58
2013-02-26,4211.61
2013-02-27,4266.89
2013-02-28,4264.13
2013-03-01,4272.22
2013-03-04,4292.08
2013-03-05,4334.34
2013-03-06,4340.75
2013-03-07,4349.77
2013-03-08,4370.97
2013-03-11,4384.76
2013-03-12,4374.76
2013-03-13,4383.06
2013-03-14,4408.02
2013-03-15,4400.29
2013-03-18,4377.02
2013-03-19,4366.04
2013-03-20,4397.11
2013-03-21,4360.91
2013-03-22,4390.26
2013-03-25,4375.83
2013-03-26,4410.35
2013-03-27,4409.58
2013-03-28,4428.75
2013-03-29,.
2013-04-01,4407.22
2013-04-02,4425.35
2013-04-03,4377.19
2013-04-04,4395.58
2013-04-05,4377.93
2013-04-08,4407.89
2013-04-09,4422.23
2013-04-10,4476.37
2013-04-11,4493.66
2013-04-12,4481.26
2013-04-15,4374.45
2013-04-16,4437.78
2013-04-17,4374.23
2013-04-18,4344.98
2013-04-19,4385.52
2013-04-22,4405.21
2013-04-23,4451.13
2013-04-24,4452.62
2013-04-25,4471.77
2013-04-26,4463.12
2013-04-29,4495.12
2013-04-30,4508.73
2013-05-01,4464.70
2013-05-02,4506.16
2013-05-03,4552.65
2013-05-06,4562.88
2013-05-07,4587.86
2013-05-08,4609.65
2013-05-09,4594.62
2013-05-10,4615.62
2013-05-13,4615.18
2013-05-14,4663.08
2013-05-15,4687.62
2013-05-16,4663.65
2013-05-17,4710.80
2013-05-20,4707.98
2013-05-21,4716.41
2013-05-22,4674.03
2013-05-23,4661.54
2013-05-24,4657.57
2013-05-27,.
2013-05-28,4687.06
2013-05-29,4653.67
2013-05-30,4673.11
2013-05-31,4609.02
2013-06-03,4631.59
2013-06-04,4606.10
2013-06-05,4543.42
2013-06-06,4584.21
2013-06-07,4642.36
2013-06-10,4640.90
2013-06-11,4593.14
2013-06-12,4555.33
2013-06-13,4624.33
2013-06-14,4599.41
2013-06-17,4632.89
2013-06-18,4668.67
2013-06-19,4604.29
2013-06-20,4488.79
2013-06-21,4497.90
2013-06-24,4443.76
2013-06-25,4487.75
2013-06-26,4531.86
2013-06-27,4563.96
2013-06-28,4546.21
2013-07-01,4574.69
2013-07-02,4572.15
2013-07-03,4575.79
2013-07-04,.
2013-07-05,4622.66
2013-07-08,4646.48
2013-07-09,4681.42
2013-07-10,4683.28
2013-07-11,4747.62
2013-07-12,4762.66
2013-07-15,4770.07
2013-07-16,4750.52
2013-07-17,4765.40
2013-07-18,4790.89
2013-07-19,4796.93
2013-07-22,4807.99
2013-07-23,4799.86
2013-07-24,4779.91
2013-07-25,4796.93
2013-07-26,4799.99
2013-07-29,4782.90
2013-07-30,4787.74
2013-07-31,4789.46
2013-08-01,4853.26
2013-08-02,4860.85
2013-08-05,4855.23
2013-08-06,4824.36
2013-08-07,4806.15
2013-08-08,4827.53
2013-08-09,4813.74
2013-08-12,4809.26
2013-08-13,4819.96
2013-08-14,4795.77
2013-08-15,4727.20
2013-08-16,4712.35
2013-08-19,4684.15
2013-08-20,4706.91
2013-08-21,4680.36
2013-08-22,4722.17
2013-08-23,4742.30
2013-08-26,4726.60
2013-08-27,4648.88
2013-08-28,4662.79
2013-08-29,4675.41
2013-08-30,4657.36
2013-09-02,.
2013-09-03,4676.28
2013-09-04,4714.99
2013-09-05,4722.01
2013-09-06,4724.57
2013-09-09,4774.55
2013-09-10,4810.48
2013-09-11,4826.07
2013-09-12,4811.09
2013-09-13,4823.68
2013-09-16,4849.84
2013-09-17,4873.10
2013-09-18,4931.06
2013-09-19,4924.29
2013-09-20,4888.58
2013-09-23,4865.08
2013-09-24,4856.05
2013-09-25,4845.57
2013-09-26,4865.24
2013-09-27,4846.64
2013-09-30,4819.76
2013-10-01,4862.40
2013-10-02,4859.38
2013-10-03,4815.61
2013-10-04,4850.52
2013-10-07,4808.14
2013-10-08,4745.69
2013-10-09,4745.21
2013-10-10,4850.16
2013-10-11,4881.80
2013-10-14,4901.54
2013-10-15,4867.08
2013-10-16,4934.94
2013-10-17,4970.38
2013-10-18,5003.37
2013-10-21,5003.46
2013-10-22,5031.32
2013-10-23,5006.28
2013-10-24,5023.95
2013-10-25,5044.28
2013-10-28,5048.14
2013-10-29,5074.74
2013-10-30,5048.76
2013-10-31,5031.92
2013-11-01,5045.74
2013-11-04,5065.12
2013-11-05,5051.33
2013-11-06,5070.74
2013-11-07,5000.75
2013-11-08,5066.69
2013-11-11,5071.85
2013-11-12,5061.33
2013-11-13,5105.89
2013-11-14,5131.06
2013-11-15,5152.95
2013-11-18,5129.14
2013-11-19,5116.17
2013-11-20,5097.90
2013-11-21,5141.87
2013-11-22,5167.67
2013-11-25,5159.91
2013-11-26,5162.94
2013-11-27,5177.29
2013-11-28,.
2013-11-29,5173.10
2013-12-02,5160.41
2013-12-03,5143.97
2013-12-04,5139.83
2013-12-05,5120.59
2013-12-06,5174.76
2013-12-09,5184.78
2013-12-10,5170.12
2013-12-11,5109.58
2013-12-12,5095.47
2013-12-13,5098.11
2013-12-16,5130.25
2013-12-17,5116.61
2013-12-18,5198.37
2013-12-19,5193.19
2013-12-20,5221.88
2013-12-23,5251.44
2013-12-24,5268.26
2013-12-25,.
2013-12-26,5291.39
2013-12-27,5290.17
2013-12-30,5290.73
2013-12-31,5312.66
2014-01-01,.
2014-01-02,5266.37
2014-01-03,5266.38
2014-01-06,5251.52
2014-01-07,5285.34
2014-01-08,5287.32
2014-01-09,5289.36
2014-01-10,5304.50
2014-01-13,5237.83
2014-01-14,5296.01
2014-01-15,5323.32
2014-01-16,5317.14
2014-01-17,5296.67
2014-01-20,.
2014-01-21,5312.21
2014-01-22,5318.50
2014-01-23,5272.24
2014-01-24,5159.75
2014-01-27,5131.90
2014-01-28,5166.99
2014-01-29,5114.60
2014-01-30,5174.84
2014-01-31,5142.98
2014-02-03,5021.53
2014-02-04,5062.27
2014-02-05,5053.61
2014-02-06,5118.66
2014-02-07,5185.73
2014-02-10,5195.11
2014-02-11,5251.68
2014-02-12,5255.92
2014-02-13,5289.05
2014-02-14,5313.45
2014-02-17,.
2014-02-18,5325.02
2014-02-19,5290.64
2014-02-20,5325.38
2014-02-21,5317.41
2014-02-24,5350.29
2014-02-25,5344.02
2014-02-26,5346.81
2014-02-27,5374.12
2014-02-28,5387.10
2014-03-03,5348.12
2014-03-04,5429.68
2014-03-05,5429.33
2014-03-06,5438.55
2014-03-07,5440.51
2014-03-10,5434.99
2014-03-11,5407.34
2014-03-12,5411.85
2014-03-13,5348.66
2014-03-14,5337.70
2014-03-17,5386.56
2014-03-18,5427.15
2014-03-19,5393.54
2014-03-20,5423.09
2014-03-21,5406.80
2014-03-24,5377.64
2014-03-25,5398.42
2014-03-26,5357.56
2014-03-27,5348.92
2014-03-28,5374.66
2014-03-31,5421.41
2014-04-01,5462.73
2014-04-02,5478.88
2014-04-03,5468.90
2014-04-04,5397.85
2014-04-07,5335.08
2014-04-08,5358.65
2014-04-09,5419.43
2014-04-10,5304.68
2014-04-11,5252.19
2014-04-14,5292.40
2014-04-15,5327.37
2014-04-16,5385.16
2014-04-17,5393.62
2014-04-18,.
2014-04-21,5414.58
2014-04-22,5440.42
2014-04-23,5427.95
2014-04-24,5436.09
2014-04-25,5388.29
2014-04-28,5401.02
2014-04-29,5428.44
2014-04-30,5446.93
2014-05-01,5449.77
2014-05-02,5444.29
2014-05-05,5454.65
2014-05-06,5405.94
2014-05-07,5436.18
2014-05-08,5426.94
2014-05-09,5436.25
2014-05-12,5491.50
2014-05-13,5492.92
2014-05-14,5467.18
2014-05-15,5418.19
2014-05-16,5438.15
2014-05-19,5461.01
2014-05-20,5423.64
2014-05-21,5467.43
2014-05-22,5482.64
2014-05-23,5507.13
2014-05-26,.
2014-05-27,5540.12
2014-05-28,5534.33
2014-05-29,5564.39
2014-05-30,5572.10
2014-06-02,5578.80
2014-06-03,5577.06
2014-06-04,5589.99
2014-06-05,5627.76
2014-06-06,5654.65
2014-06-09,5660.23
2014-06-10,5657.62
2014-06-11,5639.04
2014-06-12,5601.11
2014-06-13,5619.02
2014-06-16,5623.53
2014-06-17,5638.52
2014-06-18,5680.51
2014-06-19,5688.74
2014-06-20,5699.16
2014-06-23,5698.61
2014-06-24,5661.05
2014-06-25,5689.43
2014-06-26,5683.89
2014-06-27,5696.98
2014-06-30,5698.84
2014-07-01,5738.45
2014-07-02,5738.46
2014-07-03,5768.93
2014-07-04,.
2014-07-07,5741.63
2014-07-08,5699.60
2014-07-09,5726.19
2014-07-10,5702.77
2014-07-11,5710.32
2014-07-14,5737.69
2014-07-15,5724.39
2014-07-16,5746.43
2014-07-17,5679.72
2014-07-18,5739.71
2014-07-21,5726.58
2014-07-22,5755.77
2014-07-23,5766.34
2014-07-24,5769.63
2014-07-25,5741.43
2014-07-28,5741.05
2014-07-29,5716.24
2014-07-30,5719.90
2014-07-31,5606.68
2014-08-01,5591.52
2014-08-04,5630.98
2014-08-05,5579.73
2014-08-06,5579.72
2014-08-07,5551.43
2014-08-08,5613.96
2014-08-11,5632.67
2014-08-12,5622.12
2014-08-13,5662.75
2014-08-14,5688.23
2014-08-15,5689.30
2014-08-18,5739.84
2014-08-19,5768.64
2014-08-20,5783.40
2014-08-21,5798.89
2014-08-22,5790.21
2014-08-25,5817.39
2014-08-26,5824.98
2014-08-27,5826.04
2014-08-28,5816.95
2014-08-29,5838.35
2014-09-01,.
2014-09-02,5838.87
2014-09-03,5833.73
2014-09-04,5823.36
2014-09-05,5852.50
2014-09-08,5837.91
2014-09-09,5798.65
2014-09-10,5819.87
2014-09-11,5827.85
2014-09-12,5791.31
2014-09-15,5781.08
2014-09-16,5824.33
2014-09-17,5831.98
2014-09-18,5859.10
2014-09-19,5853.52
2014-09-22,5800.89
2014-09-23,5766.84
2014-09-24,5811.10
2014-09-25,5718.78
2014-09-26,5768.50
2014-09-29,5754.91
2014-09-30,5736.00
2014-10-01,5659.30
2014-10-02,5660.91
2014-10-03,5723.92
2014-10-06,5714.06
2014-10-07,5626.83
2014-10-08,5723.04
2014-10-09,5603.78
2014-10-10,5533.74
2014-10-13,5441.05
2014-10-14,5453.69
2014-10-15,5415.95
2014-10-16,5424.00
2014-10-17,5492.30
2014-10-20,5543.64
2014-10-21,5655.92
2014-10-22,5612.12
2014-10-23,5682.07
2014-10-24,5721.17
2014-10-27,5711.72
2014-10-28,5782.13
2014-10-29,5772.43
2014-10-30,5807.14
2014-10-31,5876.19
2014-11-03,5877.02
2014-11-04,5857.12
2014-11-05,5888.05
2014-11-06,5914.92
2014-11-07,5918.28
2014-11-10,5937.01
2014-11-11,5941.29
2014-11-12,5940.55
2014-11-13,5941.89
2014-11-14,5944.56
2014-11-17,5946.99
2014-11-18,5979.92
2014-11-19,5969.87
2014-11-20,5984.02
2014-11-21,6015.62
2014-11-24,6034.95
2014-11-25,6029.83
2014-11-26,6046.97
2014-11-27,.
2014-11-28,6030.03
2014-12-01,5983.31
2014-12-02,6019.26
2014-12-03,6046.40
2014-12-04,6039.91
2014-12-05,6050.49
2014-12-08,6006.12
2014-12-09,6005.94
2014-12-10,5906.47
2014-12-11,5934.68
2014-12-12,5840.92
2014-12-15,5802.79
2014-12-16,5754.88
2014-12-17,5873.73
2014-12-18,6012.07
2014-12-19,6040.18
2014-12-22,6063.37
2014-12-23,6075.10
2014-12-24,6076.08
2014-12-25,.
2014-12-26,6097.02
2014-12-29,6104.98
2014-12-30,6076.53
2014-12-31,6015.98
2015-01-01,.
2015-01-02,6014.84
2015-01-05,5906.69
2015-01-06,5853.79
2015-01-07,5923.58
2015-01-08,6028.56
2015-01-09,5978.67
2015-01-12,5932.32
2015-01-13,5919.79
2015-01-14,5885.48
2015-01-15,5830.15
2015-01-16,5908.07
2015-01-19,.
2015-01-20,5915.45
2015-01-21,5945.11
2015-01-22,6037.39
2015-01-23,6006.59
2015-01-26,6028.87
2015-01-27,5952.98
2015-01-28,5872.69
2015-01-29,5927.14
2015-01-30,5850.74
2015-02-02,5923.33
2015-02-03,6009.75
2015-02-04,5988.05
2015-02-05,6052.06
2015-02-06,6033.03
2015-02-09,6006.54
2015-02-10,6069.49
2015-02-11,6072.05
2015-02-12,6132.63
2015-02-13,6159.71
2015-02-16,.
2015-02-17,6169.64
2015-02-18,6171.67
2015-02-19,6166.65
2015-02-20,6206.42
2015-02-23,6204.12
2015-02-24,6219.46
2015-02-25,6217.93
2015-02-26,6208.69
2015-02-27,6188.80
2015-03-02,6227.83
2015-03-03,6201.26
2015-03-04,6174.71
2015-03-05,6183.56
2015-03-06,6098.05
2015-03-09,6121.64
2015-03-10,6021.45
2015-03-11,6016.50
2015-03-12,6092.84
2015-03-13,6057.21
2015-03-16,6136.53
2015-03-17,6120.82
2015-03-18,6193.92
2015-03-19,6166.52
2015-03-20,6221.05
2015-03-23,6209.24
2015-03-24,6173.20
2015-03-25,6082.16
2015-03-26,6068.41
2015-03-27,6086.84
2015-03-30,6162.12
2015-03-31,6111.73
2015-04-01,6087.99
2015-04-02,6110.42
2015-04-03,.
2015-04-06,6151.11
2015-04-07,6136.42
2015-04-08,6157.01
2015-04-09,6181.40
2015-04-10,6211.74
2015-04-13,6184.41
2015-04-14,6193.40
2015-04-15,6225.09
2015-04-16,6220.93
2015-04-17,6150.09
2015-04-20,6205.02
2015-04-21,6198.29
2015-04-22,6228.62
2015-04-23,6245.21
2015-04-24,6255.28
2015-04-27,6227.38
2015-04-28,6242.33
2015-04-29,6219.01
2015-04-30,6155.12
2015-05-01,6219.68
2015-05-04,6237.98
2015-05-05,6163.53
2015-05-06,6141.07
2015-05-07,6166.33
2015-05-08,6245.95
2015-05-11,6217.68
2015-05-12,6200.59
2015-05-13,6200.32
2015-05-14,6266.30
2015-05-15,6273.01
2015-05-18,6295.06
2015-05-19,6291.05
2015-05-20,6286.23
2015-05-21,6301.49
2015-05-22,6288.47
2015-05-25,.
2015-05-26,6224.75
2015-05-27,6280.89
2015-05-28,6273.80
2015-05-29,6235.64
2015-06-01,6248.68
2015-06-02,6243.65
2015-06-03,6259.33
2015-06-04,6205.97
2015-06-05,6201.07
2015-06-08,6160.48
2015-06-09,6161.82
2015-06-10,6234.62
2015-06-11,6249.76
2015-06-12,6208.32
2015-06-15,6179.21
2015-06-16,6213.81
2015-06-17,6225.98
2015-06-18,6287.71
2015-06-19,6256.89
2015-06-22,6293.50
2015-06-23,6298.55
2015-06-24,6249.83
2015-06-25,6231.66
2015-06-26,6230.25
2015-06-29,6100.03
2015-06-30,6118.66
2015-07-01,6160.09
2015-07-02,6157.94
2015-07-03,.
2015-07-06,6135.21
2015-07-07,6171.79
2015-07-08,6069.72
2015-07-09,6083.86
2015-07-10,6157.91
2015-07-13,6225.22
2015-07-14,6254.16
2015-07-15,6245.90
2015-07-16,6293.55
2015-07-17,6296.91
2015-07-20,6300.62
2015-07-21,6272.20
2015-07-22,6259.65
2015-07-23,6225.47
2015-07-24,6160.90
2015-07-27,6121.27
2015-07-28,6197.32
2015-07-29,6244.98
2015-07-30,6247.81
2015-07-31,6236.60
2015-08-03,6218.62
2015-08-04,6206.42
2015-08-05,6227.72
2015-08-06,6178.44
2015-08-07,6161.87
2015-08-10,6241.13
2015-08-11,6183.27
2015-08-12,6189.05
2015-08-13,6182.93
2015-08-14,6207.59
2015-08-17,6244.20
2015-08-18,6227.46
2015-08-19,6175.28
2015-08-20,6040.97
2015-08-21,5855.15
2015-08-24,5623.96
2015-08-25,5551.71
2015-08-26,5759.74
2015-08-27,5901.81
2015-08-28,5910.52
2015-08-31,5861.45
2015-09-01,5690.65
2015-09-02,5794.01
2015-09-03,5802.99
2015-09-04,5717.27
2015-09-07,.
2015-09-08,5859.72
2015-09-09,5780.40
2015-09-10,5809.05
2015-09-11,5836.94
2015-09-14,5813.62
2015-09-15,5886.61
2015-09-16,5938.46
2015-09-17,5927.08
2015-09-18,5832.95
2015-09-21,5856.69
2015-09-22,5782.93
2015-09-23,5769.61
2015-09-24,5747.62
2015-09-25,5741.80
2015-09-28,5591.03
2015-09-29,5595.23
2015-09-30,5700.80
2015-10-01,5711.46
2015-10-02,5795.96
2015-10-05,5901.70
2015-10-06,5878.50
2015-10-07,5930.11
2015-10-08,5981.89
2015-10-09,5987.40
2015-10-12,5992.29
2015-10-13,5950.16
2015-10-14,5921.75
2015-10-15,6009.76
2015-10-16,6034.39
2015-10-19,6036.35
2015-10-20,6028.01
2015-10-21,5989.31
2015-10-22,6082.49
2015-10-23,6145.68
2015-10-26,6134.69
2015-10-27,6116.31
2015-10-28,6193.52
2015-10-29,6187.98
2015-10-30,6162.04
2015-11-02,6237.35
2015-11-03,6252.88
2015-11-04,6234.28
2015-11-05,6227.59
2015-11-06,6225.51
2015-11-09,6166.23
2015-11-10,6177.67
2015-11-11,6155.31
2015-11-12,6068.35
2015-11-13,6003.49
2015-11-16,6090.96
2015-11-17,6083.68
2015-11-18,6182.44
2015-11-19,6175.37
2015-11-20,6198.55
2015-11-23,6193.20
2015-11-24,6203.14
2015-11-25,6205.44
2015-11-26,.
2015-11-27,6211.43
2015-11-30,6182.40
2015-12-01,6247.03
2015-12-02,6180.20
2015-12-03,6090.85
2015-12-04,6209.20
2015-12-07,6162.27
2015-12-08,6123.24
2015-12-09,6074.97
2015-12-10,6090.30
2015-12-11,5973.03
2015-12-14,5994.85
2015-12-15,6059.70
2015-12-16,6147.98
2015-12-17,6057.40
2015-12-18,5954.01
2015-12-21,5998.87
2015-12-22,6051.77
2015-12-23,6128.86
2015-12-24,6120.35
2015-12-25,.
2015-12-28,6106.14
2015-12-29,6170.17
2015-12-30,6126.12
2015-12-31,6071.18
2016-01-01,.
2016-01-04,5981.07
2016-01-05,5991.71
2016-01-06,5912.98
2016-01-07,5770.82
2016-01-08,5707.87
2016-01-11,5708.34
2016-01-12,5749.34
2016-01-13,5603.44
2016-01-14,5692.82
2016-01-15,5571.85
2016-01-18,.
2016-01-19,5568.56
2016-01-20,5506.38
2016-01-21,5532.74
2016-01-22,5648.60
2016-01-25,5557.46
2016-01-26,5640.13
2016-01-27,5577.69
2016-01-28,5602.27
2016-01-29,5744.40
2016-02-01,5743.86
2016-02-02,5633.02
2016-02-03,5664.03
2016-02-04,5678.19
2016-02-05,5566.26
2016-02-08,5479.38
2016-02-09,5473.99
2016-02-10,5477.00
2016-02-11,5408.82
2016-02-12,5515.57
2016-02-15,.
2016-02-16,5612.52
2016-02-17,5708.42
2016-02-18,5682.84
2016-02-19,5683.58
2016-02-22,5766.77
2016-02-23,5696.92
2016-02-24,5723.65
2016-02-25,5790.59
2016-02-26,5785.68
2016-02-29,5742.43
2016-03-01,5878.20
2016-03-02,5906.39
2016-03-03,5932.73
2016-03-04,5954.32
2016-03-07,5962.58
2016-03-08,5890.71
2016-03-09,5921.35
2016-03-10,5920.03
2016-03-11,6021.75
2016-03-14,6013.46
2016-03-15,5997.86
2016-03-16,6035.22
2016-03-17,6077.12
2016-03-18,6104.48
2016-03-21,6111.20
2016-03-22,6108.42
2016-03-23,6063.97
2016-03-24,6062.79
2016-03-25,.
2016-03-28,6066.64
2016-03-29,6125.19
2016-03-30,6150.93
2016-03-31,6142.45
2016-04-01,6179.89
2016-04-04,6159.00
2016-04-05,6097.67
2016-04-06,6164.74
2016-04-07,6090.96
2016-04-08,6109.45
2016-04-11,6092.47
2016-04-12,6150.96
2016-04-13,6218.67
2016-04-14,6218.85
2016-04-15,6214.93
2016-04-18,6253.82
2016-04-19,6273.87
2016-04-20,6279.69
2016-04-21,6247.39
2016-04-22,6252.44
2016-04-25,6239.23
2016-04-26,6254.12
2016-04-27,6265.80
2016-04-28,6207.14
2016-04-29,6175.86
2016-05-02,6223.96
2016-05-03,6166.04
2016-05-04,6130.21
2016-05-05,6128.37
2016-05-06,6149.02
2016-05-09,6153.38
2016-05-10,6230.57
2016-05-11,6173.96
2016-05-12,6171.20
2016-05-13,6120.20
2016-05-16,6180.79
2016-05-17,6125.86
2016-05-18,6126.63
2016-05-19,6102.88
2016-05-20,6145.07
2016-05-23,6132.45
2016-05-24,6216.67
2016-05-25,6260.91
2016-05-26,6258.80
2016-05-27,6287.73
2016-05-30,.
2016-05-31,6284.01
2016-06-01,6294.23
2016-06-02,6315.81
2016-06-03,6295.94
2016-06-06,6328.45
2016-06-07,6338.01
2016-06-08,6360.15
2016-06-09,6347.74
2016-06-10,6284.63
2016-06-13,6235.75
2016-06-14,6223.40
2016-06-15,6215.64
2016-06-16,6233.10
2016-06-17,6215.35
2016-06-20,6254.50
2016-06-21,6269.68
2016-06-22,6258.54
2016-06-23,6344.44
2016-06-24,6113.95
2016-06-27,5997.00
2016-06-28,6106.95
2016-06-29,6213.51
2016-06-30,6298.24
2016-07-01,6313.10
2016-07-04,.
2016-07-05,6267.33
2016-07-06,6302.87
2016-07-07,6300.48
2016-07-08,6397.71
2016-07-11,6420.93
2016-07-12,6466.53
2016-07-13,6466.01
2016-07-14,6498.07
2016-07-15,6492.84
2016-07-18,6508.33
2016-07-19,6498.43
2016-07-20,6528.59
2016-07-21,6505.34
2016-07-22,6536.18
2016-07-25,6516.74
2016-07-26,6522.11
2016-07-27,6512.26
2016-07-28,6525.47
2016-07-29,6538.16
2016-08-01,6528.60
2016-08-02,6484.00
2016-08-03,6508.59
2016-08-04,6511.83
2016-08-05,6566.18
2016-08-08,6561.49
2016-08-09,6565.21
2016-08-10,6548.14
2016-08-11,6578.97
2016-08-12,6574.31
2016-08-15,6596.37
2016-08-16,6558.69
2016-08-17,6569.44
2016-08-18,6586.39
2016-08-19,6578.01
2016-08-22,6575.99
2016-08-23,6590.99
2016-08-24,6554.81
2016-08-25,6548.33
2016-08-26,6536.66
2016-08-29,6572.13
2016-08-30,6561.23
2016-08-31,6546.85
2016-09-01,6548.29
2016-09-02,6579.30
2016-09-05,.
2016-09-06,6598.32
2016-09-07,6601.88
2016-09-08,6586.70
2016-09-09,6422.91
2016-09-12,6515.63
2016-09-13,6418.95
2016-09-14,6415.43
2016-09-15,6480.91
2016-09-16,6456.94
2016-09-19,6460.40
2016-09-20,6460.10
2016-09-21,6531.17
2016-09-22,6576.64
2016-09-23,6539.41
2016-09-26,6486.45
2016-09-27,6524.86
2016-09-28,6562.65
2016-09-29,6501.00
2016-09-30,6552.03
2016-10-03,6531.32
2016-10-04,6499.36
2016-10-05,6529.53
2016-10-06,6529.69
2016-10-07,6507.39
2016-10-10,6538.33
2016-10-11,6456.11
2016-10-12,6463.81
2016-10-13,6444.24
2016-10-14,6444.01
2016-10-17,6425.61
2016-10-18,6465.43
2016-10-19,6481.93
2016-10-20,6472.00
2016-10-21,6471.46
2016-10-24,6502.09
2016-10-25,6474.34
2016-10-26,6461.26
2016-10-27,6438.92
2016-10-28,6421.60
2016-10-31,6424.27
2016-11-01,6379.82
2016-11-02,6335.69
2016-11-03,6310.53
2016-11-04,6302.97
2016-11-07,6441.42
2016-11-08,6468.22
2016-11-09,6543.10
2016-11-10,6554.67
2016-11-11,6550.09
2016-11-14,6559.21
2016-11-15,6609.07
2016-11-16,6600.92
2016-11-17,6633.98
2016-11-18,6620.05
2016-11-21,6669.36
2016-11-22,6685.57
2016-11-23,6693.63
2016-11-24,.
2016-11-25,6719.88
2016-11-28,6682.59
2016-11-29,6692.77
2016-11-30,6677.53
2016-12-01,6652.56
2016-12-02,6655.23
2016-12-05,6697.67
2016-12-06,6724.74
2016-12-07,6812.22
2016-12-08,6831.30
2016-12-09,6866.51
2016-12-12,6854.64
2016-12-13,6897.64
2016-12-14,6840.08
2016-12-15,6866.16
2016-12-16,6855.67
2016-12-19,6870.28
2016-12-20,6897.10
2016-12-21,6879.71
2016-12-22,6864.54
2016-12-23,6875.25
2016-12-26,.
2016-12-27,6891.18
2016-12-28,6833.92
2016-12-29,6833.19
2016-12-30,6802.98
2017-01-02,.
2017-01-03,6860.40
2017-01-04,6909.19
2017-01-05,6901.40
2017-01-06,6926.14
2017-01-09,6900.94
2017-01-10,6904.53
2017-01-11,6924.15
2017-01-12,6908.87
2017-01-13,6924.07
2017-01-16,.
2017-01-17,6900.51
2017-01-18,6915.84
2017-01-19,6890.40
2017-01-20,6913.05
2017-01-23,6895.47
2017-01-24,6944.77
2017-01-25,6999.37
2017-01-26,6993.46
2017-01-27,6985.59
2017-01-30,6942.34
2017-01-31,6939.78
2017-02-01,6941.77
2017-02-02,6947.42
2017-02-03,7000.87
2017-02-06,6986.08
2017-02-07,6986.33
2017-02-08,6993.92
2017-02-09,7037.34
2017-02-10,7062.90
2017-02-13,7100.22
2017-02-14,7130.04
2017-02-15,7165.57
2017-02-16,7159.33
2017-02-17,7171.71
2017-02-20,.
2017-02-21,7215.83
2017-02-22,7206.86
2017-02-23,7206.70
2017-02-24,7219.21
2017-02-27,7230.96
2017-02-28,7208.41
2017-03-01,7306.54
2017-03-02,7261.61
2017-03-03,7266.84
2017-03-06,7241.17
2017-03-07,7218.53
2017-03-08,7202.61
2017-03-09,7205.45
2017-03-10,7229.43
2017-03-13,7235.64
2017-03-14,7211.23
2017-03-15,7274.32
2017-03-16,7264.37
2017-03-17,7256.52
2017-03-20,7240.10
2017-03-21,7145.94
2017-03-22,7159.45
2017-03-23,7153.88
2017-03-24,7148.68
2017-03-27,7142.13
2017-03-28,7194.52
2017-03-29,7205.41
2017-03-30,7226.96
2017-03-31,7212.96
2017-04-03,7198.91
2017-04-04,7203.77
2017-04-05,7179.28
2017-04-06,7199.28
2017-04-07,7193.52
2017-04-10,7200.69
2017-04-11,7194.38
2017-04-12,7164.18
2017-04-13,7114.92
2017-04-14,.
2017-04-17,7177.17
2017-04-18,7158.23
2017-04-19,7149.32
2017-04-20,7203.69
2017-04-21,7182.24
2017-04-24,7259.20
2017-04-25,7303.39
2017-04-26,7301.53
2017-04-27,7307.17
2017-04-28,7289.22
2017-05-01,7303.35
2017-05-02,7310.23
2017-05-03,7298.39
2017-05-04,7299.82
2017-05-05,7334.03
2017-05-08,7331.66
2017-05-09,7325.28
2017-05-10,7337.55
2017-05-11,7321.68
2017-05-12,7309.75
2017-05-15,7346.96
2017-05-16,7342.56
2017-05-17,7211.18
2017-05-18,7237.36
2017-05-19,7288.29
2017-05-22,7326.88
2017-05-23,7339.47
2017-05-24,7358.76
2017-05-25,7390.48
2017-05-26,7393.21
2017-05-29,.
2017-05-30,7383.06
2017-05-31,7382.25
2017-06-01,7444.37
2017-06-02,7471.11
2017-06-05,7459.84
2017-06-06,7438.48
2017-06-07,7450.28
2017-06-08,7454.40
2017-06-09,7447.92
2017-06-12,7442.34
2017-06-13,7480.64
2017-06-14,7472.19
2017-06-15,7455.41
2017-06-16,7456.39
2017-06-19,7518.56
2017-06-20,7466.52
2017-06-21,7461.21
2017-06-22,7459.57
2017-06-23,7474.54
2017-06-26,7479.26
2017-06-27,7417.36
2017-06-28,7485.62
2017-06-29,7421.48
2017-06-30,7433.79
2017-07-03,7452.93
2017-07-04,.
2017-07-05,7461.55
2017-07-06,7390.40
2017-07-07,7439.75
2017-07-10,7444.71
2017-07-11,7441.76
2017-07-12,7496.71
2017-07-13,7510.65
2017-07-14,7545.11
2017-07-17,7545.48
2017-07-18,7548.87
2017-07-19,7592.54
2017-07-20,7591.47
2017-07-21,7588.20
2017-07-24,7583.45
2017-07-25,7607.36
2017-07-26,7607.26
2017-07-27,7596.83
2017-07-28,7586.56
2017-07-31,7581.01
2017-08-01,7599.43
2017-08-02,7599.87
2017-08-03,7585.45
2017-08-04,7601.44
2017-08-07,7613.21
2017-08-08,7595.10
2017-08-09,7589.75
2017-08-10,7481.16
2017-08-11,7493.17
2017-08-14,7569.08
2017-08-15,7564.89
2017-08-16,7579.62
2017-08-17,7463.10
2017-08-18,7449.66
2017-08-21,7458.05
2017-08-22,7532.26
2017-08-23,7509.16
2017-08-24,7495.95
2017-08-25,7509.64
2017-08-28,7512.47
2017-08-29,7518.29
2017-08-30,7557.53
2017-08-31,7604.72
2017-09-01,7622.05
2017-09-04,.
2017-09-05,7562.06
2017-09-06,7583.90
2017-09-07,7581.83
2017-09-08,7572.91
2017-09-11,7656.00
2017-09-12,7683.48
2017-09-13,7687.91
2017-09-14,7682.10
2017-09-15,7697.98
2017-09-18,7712.43
2017-09-19,7719.90
2017-09-20,7727.34
2017-09-21,7704.29
2017-09-22,7710.49
2017-09-25,7694.09
2017-09-26,7694.89
2017-09-27,7727.19
2017-09-28,7738.53
2017-09-29,7766.67
2017-10-02,7799.04
2017-10-03,7817.27
2017-10-04,7827.71
2017-10-05,7871.41
2017-10-06,7865.32
2017-10-09,7850.26
2017-10-10,7868.02
2017-10-11,7881.74
2017-10-12,7870.23
2017-10-13,7876.52
2017-10-16,7889.37
2017-10-17,7893.63
2017-10-18,7899.77
2017-10-19,7902.92
2017-10-20,7944.53
2017-10-23,7911.50
2017-10-24,7924.45
2017-10-25,7885.52
2017-10-26,7898.41
2017-10-27,7960.19
2017-10-30,7933.54
2017-10-31,7944.80
2017-11-01,7954.93
2017-11-02,7956.37
2017-11-03,7982.36
2017-11-06,7994.89
2017-11-07,7989.22
2017-11-08,8001.28
2017-11-09,7971.88
2017-11-10,7969.33
2017-11-13,7977.29
2017-11-14,7959.93
2017-11-15,7918.57
2017-11-16,7986.88
2017-11-17,7972.19
2017-11-20,7983.95
2017-11-21,8037.15
2017-11-22,8032.49
2017-11-23,.
2017-11-24,8049.09
2017-11-27,8044.21
2017-11-28,8122.55
2017-11-29,8120.00
2017-11-30,8187.09
2017-12-01,8171.63
2017-12-04,8161.54
2017-12-05,8129.75
2017-12-06,8126.13
2017-12-07,8155.37
2017-12-08,8200.85
2017-12-11,8225.35
2017-12-12,8235.04
2017-12-13,8231.14
2017-12-14,8197.49
2017-12-15,8271.42
2017-12-18,8319.46
2017-12-19,8292.14
2017-12-20,8287.66
2017-12-21,8304.99
2017-12-22,8302.47
2017-12-25,.
2017-12-26,8295.22
2017-12-27,8302.47
2017-12-28,8320.96
2017-12-29,8278.36
2018-01-01,.
2018-01-02,8346.42
2018-01-03,8398.08
2018-01-04,8431.26
2018-01-05,8487.97
2018-01-08,8504.18
2018-01-09,8516.13
2018-01-10,8505.20
2018-01-11,8569.87
2018-01-12,8624.19
2018-01-15,.
2018-01-16,8590.27
2018-01-17,8669.92
2018-01-18,8655.43
2018-01-19,8698.12
2018-01-22,8768.54
2018-01-23,8789.27
2018-01-24,8781.77
2018-01-25,8785.44
2018-01-26,8884.24
2018-01-29,8823.87
2018-01-30,8729.38
2018-01-31,8732.78
2018-02-01,8730.41
2018-02-02,8548.10
2018-02-05,8205.30
2018-02-06,8341.30
2018-02-07,8303.81
2018-02-08,7996.25
2018-02-09,8113.14
2018-02-12,8224.47
2018-02-13,8247.86
2018-02-14,8363.56
2018-02-15,8465.73
2018-02-16,8469.53
2018-02-19,.
2018-02-20,8421.80
2018-02-21,8377.72
2018-02-22,8383.58
2018-02-23,8515.37
2018-02-26,8610.76
2018-02-27,8502.47
2018-02-28,8412.17
2018-03-01,8307.91
2018-03-02,8355.27
2018-03-05,8447.44
2018-03-06,8474.55
2018-03-07,8474.00
2018-03-08,8510.90
2018-03-09,8654.59
2018-03-12,8646.96
2018-03-13,8593.36
2018-03-14,8547.95
2018-03-15,8538.94
2018-03-16,8556.53
2018-03-19,8438.51
2018-03-20,8451.68
2018-03-21,8440.61
2018-03-22,8230.15
2018-03-23,8060.79
2018-03-26,8274.56
2018-03-27,8131.77
2018-03-28,8109.83
2018-03-29,8221.24
2018-03-30,.
2018-04-02,8037.14
2018-04-03,8137.07
2018-04-04,8229.93
2018-04-05,8288.17
2018-04-06,8109.60
2018-04-09,8135.32
2018-04-10,8271.48
2018-04-11,8229.51
2018-04-12,8295.09
2018-04-13,8269.75
2018-04-16,8337.85
2018-04-17,8426.76
2018-04-18,8436.18
2018-04-19,8389.06
2018-04-20,8320.45
2018-04-23,8319.46
2018-04-24,8211.55
2018-04-25,8223.91
2018-04-26,8306.92
2018-04-27,8314.94
2018-04-30,8249.18
2018-05-01,8269.77
2018-05-02,8213.04
2018-05-03,8195.12
2018-05-04,8302.60
2018-05-07,8334.90
2018-05-08,8335.22
2018-05-09,8414.48
2018-05-10,8491.43
2018-05-11,8506.97
2018-05-14,8513.39
2018-05-15,8458.19
2018-05-16,8495.25
2018-05-17,8492.24
2018-05-18,8473.38
2018-05-21,8536.49
2018-05-22,8507.35
2018-05-23,8533.59
2018-05-24,8518.60
2018-05-25,8500.93
2018-05-28,.
2018-05-29,8409.33
2018-05-30,8517.03
2018-05-31,8459.75
2018-06-01,8549.48
2018-06-04,8590.63
2018-06-05,8599.74
2018-06-06,8674.12
2018-06-07,8668.78
2018-06-08,8697.42
2018-06-11,8706.11
2018-06-12,8723.66
2018-06-13,8687.40
2018-06-14,8711.89
2018-06-15,8704.78
2018-06-18,8690.55
2018-06-19,8654.98
2018-06-20,8673.74
2018-06-21,8616.83
2018-06-22,8632.58
2018-06-25,8510.23
2018-06-26,8530.03
2018-06-27,8452.81
2018-06-28,8507.13
2018-06-29,8514.45
2018-07-02,8540.34
2018-07-03,8501.79
2018-07-04,.
2018-07-05,8575.95
2018-07-06,8650.74
2018-07-09,8729.04
2018-07-10,8756.51
2018-07-11,8695.17
2018-07-12,8769.67
2018-07-13,8777.28
2018-07-16,8764.26
2018-07-17,8801.51
2018-07-18,8821.93
2018-07-19,8792.00
2018-07-20,8780.90
2018-07-23,8794.51
2018-07-24,8823.00
2018-07-25,8901.48
2018-07-26,8879.95
2018-07-27,8816.37
2018-07-30,8761.35
2018-07-31,8808.30
2018-08-01,8800.09
2018-08-02,8851.89
2018-08-03,8889.39
2018-08-06,8924.43
2018-08-07,8951.03
2018-08-08,8947.05
2018-08-09,8939.41
2018-08-10,8881.70
2018-08-13,8844.92
2018-08-14,8902.55
2018-08-15,8833.55
2018-08-16,8905.57
2018-08-17,8935.71
2018-08-20,8958.90
2018-08-21,8982.63
2018-08-22,8981.60
2018-08-23,8965.97
2018-08-24,9022.95
2018-08-27,9091.24
2018-08-28,9095.36
2018-08-29,9146.46
2018-08-30,9107.21
2018-08-31,9111.81
2018-09-03,.
2018-09-04,9099.44
2018-09-05,9069.61
2018-09-06,9038.62
2018-09-07,9018.69
2018-09-10,9038.12
2018-09-11,9070.77
2018-09-12,9074.58
2018-09-13,9123.39
2018-09-14,9130.03
2018-09-17,9072.99
2018-09-18,9121.59
2018-09-19,9127.51
2018-09-20,9198.11
2018-09-21,9192.90
2018-09-24,9160.06
2018-09-25,9151.68
2018-09-26,9118.25
2018-09-27,9144.59
2018-09-28,9146.41
2018-10-01,9172.27
2018-10-02,9164.48
2018-10-03,9174.10
2018-10-04,9095.52
2018-10-05,9042.89
2018-10-08,9033.10
2018-10-09,9019.92
2018-10-10,8724.77
2018-10-11,8548.44
2018-10-12,8668.40
2018-10-15,8623.10
2018-10-16,8811.13
2018-10-17,8806.55
2018-10-18,8679.25
2018-10-19,8669.17
2018-10-22,8632.28
2018-10-23,8584.70
2018-10-24,8317.09
2018-10-25,8471.17
2018-10-26,8327.89
2018-10-29,8272.07
2018-10-30,8403.63
2018-10-31,8499.18
2018-11-01,8598.02
2018-11-02,8545.73
2018-11-05,8587.62
2018-11-06,8640.32
2018-11-07,8819.88
2018-11-08,8798.28
2018-11-09,8716.78
2018-11-12,8545.12
2018-11-13,8535.29
2018-11-14,8472.16
2018-11-15,8566.55
2018-11-16,8585.83
2018-11-19,8438.00
2018-11-20,8288.78
2018-11-21,8322.59
2018-11-22,.
2018-11-23,8273.10
2018-11-26,8403.27
2018-11-27,8420.87
2018-11-28,8615.85
2018-11-29,8600.35
2018-11-30,8672.14
2018-12-03,8768.22
2018-12-04,8483.52
2018-12-05,.
2018-12-06,8476.66
2018-12-07,8279.79
2018-12-10,8290.43
2018-12-11,8285.83
2018-12-12,8332.21
2018-12-13,8324.95
2018-12-14,8172.14
2018-12-17,7998.59
2018-12-18,8000.07
2018-12-19,7877.65
2018-12-20,7752.14
2018-12-21,7591.50
2018-12-24,7387.53
2018-12-25,.
2018-12-26,7754.61
2018-12-27,7819.65
2018-12-28,7813.32
2018-12-31,7882.31
2019-01-01,.
2019-01-02,7887.85
2019-01-03,7699.77
2019-01-04,7964.44
2019-01-07,8027.26
2019-01-08,8109.15
2019-01-09,8149.16
2019-01-10,8187.80
2019-01-11,8187.20
2019-01-14,8143.41
2019-01-15,8228.97
2019-01-16,8251.38
2019-01-17,8315.68
2019-01-18,8424.52
2019-01-21,.
2019-01-22,8305.12
2019-01-23,8320.52
2019-01-24,8338.08
2019-01-25,8413.41
2019-01-28,8352.05
2019-01-29,8340.25
2019-01-30,8468.86
2019-01-31,8542.87
2019-02-01,8557.34
2019-02-04,8616.62
2019-02-05,8657.55
2019-02-06,8638.97
2019-02-07,8563.05
2019-02-08,8572.14
2019-02-11,8581.49
2019-02-12,8691.82
2019-02-13,8718.11
2019-02-14,8699.68
2019-02-15,8793.33
2019-02-18,.
2019-02-19,8807.00
2019-02-20,8822.69
2019-02-21,8792.12
2019-02-22,8851.27
2019-02-25,8863.98
2019-02-26,8853.47
2019-02-27,8855.74
2019-02-28,8832.12
2019-03-01,8892.14
2019-03-04,8853.34
2019-03-05,8842.32
2019-03-06,8780.63
2019-03-07,8712.85
2019-03-08,8694.97
2019-03-11,8822.89
2019-03-12,8849.42
2019-03-13,8909.67
2019-03-14,8904.49
2019-03-15,8946.40
2019-03-18,8980.87
2019-03-19,8977.03
2019-03-20,8948.39
2019-03-21,9049.92
2019-03-22,8872.31
2019-03-25,8864.59
2019-03-26,8929.90
2019-03-27,8888.42
2019-03-28,8925.70
2019-03-29,8985.89
2019-04-01,9091.37
2019-04-02,9091.27
2019-04-03,9113.72
2019-04-04,9130.69
2019-04-05,9175.30
2019-04-08,9185.07
2019-04-09,9129.53
2019-04-10,9167.47
2019-04-11,9169.57
2019-04-12,9231.62
2019-04-15,9225.32
2019-04-16,9228.34
2019-04-17,9201.52
2019-04-18,9215.55
2019-04-19,.
2019-04-22,9223.47
2019-04-23,9308.72
2019-04-24,9290.55
2019-04-25,9282.50
2019-04-26,9329.23
2019-04-29,9340.03
2019-04-30,9348.77
2019-05-01,9277.94
2019-05-02,9260.45
2019-05-03,9353.56
2019-05-06,9314.80
2019-05-07,9159.10
2019-05-08,9144.66
2019-05-09,9121.70
2019-05-10,9157.58
